grid_id,area_km2,distance_to_bell_m,distance_to_bell_km,final_grid_id,poi_total,final_grid_id_cat,catering,life_service,shopping,poi_density,road_length_m,road_density_km_per_km2,intersection_count,mean_intersection_degree,intersection_density_n_per_km2,model_fitted,model_residual
388,0.25,4945.399179704339,4.9453991797043395,388.0,219.0,388.0,80.0,26.0,113.0,876.0,3718.1426568728043,14.872570627491218,7.0,3.0,28.0,434.0088862777112,441.9911137222888
390,0.25,4795.247831565319,4.795247831565319,390.0,101.0,390.0,29.0,29.0,43.0,404.0,3179.647555116955,12.71859022046782,9.0,3.7777777777777777,36.0,550.5564111924386,-146.55641119243865
391,0.25,4513.23231693347,4.51323231693347,391.0,197.0,391.0,78.0,50.0,69.0,788.0,6938.457750700404,27.75383100280162,20.0,3.6,80.0,570.2440951794614,217.7559048205386
392,0.25,4096.530098339933,4.096530098339933,392.0,85.0,392.0,24.0,23.0,38.0,340.0,3952.140342457347,15.808561369829388,7.0,3.4285714285714284,28.0,610.4284369038171,-270.4284369038171
393,0.25,4405.303016379715,4.405303016379714,393.0,121.0,393.0,40.0,41.0,40.0,484.0,1447.041790023484,5.788167160093936,6.0,3.8333333333333335,24.0,614.4176469596118,-130.41764695961183
394,0.25,4746.770532229617,4.7467705322296165,394.0,47.0,394.0,8.0,17.0,22.0,188.0,1106.601288447249,4.426405153788997,2.0,3.5,8.0,523.8851625163245,-335.8851625163245
395,0.25,3700.520469690351,3.700520469690351,395.0,104.0,395.0,41.0,29.0,34.0,416.0,7945.356050966326,31.781424203865303,35.0,3.1142857142857143,140.0,630.2145729055009,-214.21457290550086
402,0.25,4803.046866849728,4.803046866849728,402.0,124.0,402.0,44.0,42.0,38.0,496.0,2251.1913107825267,9.004765243130107,4.0,4.0,16.0,576.4308160478794,-80.43081604787938
416,0.25,4039.676666036098,4.039676666036098,416.0,378.0,416.0,134.0,96.0,148.0,1512.0,4353.135645737057,17.412542582948227,16.0,3.4375,64.0,619.8400618689301,892.1599381310699
417,0.25,4409.549113643679,4.4095491136436795,417.0,88.0,417.0,22.0,36.0,30.0,352.0,4197.6602481411055,16.790640992564423,6.0,3.3333333333333335,24.0,553.0085335952573,-201.0085335952573
418,0.25,3332.5882803895256,3.3325882803895257,418.0,22.0,418.0,8.0,6.0,8.0,88.0,3746.339278019087,14.985357112076349,5.0,3.2,20.0,694.518612017446,-606.518612017446
419,0.25,4105.656620521018,4.105656620521018,419.0,37.0,419.0,6.0,13.0,18.0,148.0,5547.334892166298,22.189339568665194,15.0,3.066666666666667,60.0,565.0934560587849,-417.0934560587849
420,0.25,3705.574242423007,3.705574242423007,420.0,146.0,420.0,50.0,48.0,48.0,584.0,4886.352914264453,19.545411657057812,6.0,3.3333333333333335,24.0,656.1050682208995,-72.10506822089951
421,0.25,3003.0713522295687,3.003071352229569,421.0,280.0,421.0,90.0,63.0,127.0,1120.0,4305.687313721299,17.222749254885194,13.0,3.769230769230769,52.0,811.9800678925703,308.01993210742967
422,0.25,3843.007830543725,3.843007830543725,422.0,36.0,422.0,14.0,10.0,12.0,144.0,2990.508389272779,11.962033557091116,5.0,3.0,20.0,595.4531828655641,-451.45318286556414
423,0.25,3412.268067737522,3.412268067737522,423.0,289.0,423.0,98.0,88.0,103.0,1156.0,2523.266587464158,10.093066349856631,7.0,3.2857142857142856,28.0,693.2702492809995,462.72975071900055
424,0.25,2725.936618223954,2.725936618223954,424.0,103.0,424.0,25.0,31.0,47.0,412.0,5219.610075760319,20.878440303041277,12.0,3.8333333333333335,48.0,860.3594597922079,-448.3594597922079
425,0.25,3171.09858977823,3.1710985897782296,425.0,178.0,425.0,36.0,72.0,70.0,712.0,4119.912176400721,16.479648705602884,7.0,3.2857142857142856,28.0,728.5893188267139,-16.589318826713907
428,0.25,4960.512869116109,4.960512869116109,428.0,52.0,428.0,21.0,11.0,20.0,208.0,1781.5733991662908,7.126293596665163,5.0,3.4,20.0,480.4253197885527,-272.4253197885527
429,0.25,4525.654881356653,4.525654881356653,429.0,87.0,429.0,37.0,28.0,22.0,348.0,7500.436997712916,30.001747990851666,22.0,3.4545454545454546,88.0,550.7412497619592,-202.74124976195924
432,0.25,4745.416823068217,4.745416823068217,432.0,300.0,432.0,158.0,78.0,64.0,1200.0,8819.515655632433,35.27806262252973,27.0,3.074074074074074,108.0,472.30165851042756,727.6983414895724
433,0.25,4288.804612609395,4.288804612609395,433.0,7.0,433.0,4.0,3.0,0.0,28.0,3983.8736004692923,15.93549440187717,12.0,3.5833333333333335,48.0,601.0851033632601,-573.0851033632601
556,0.25,4575.070898319628,4.575070898319629,556.0,188.0,556.0,51.0,63.0,74.0,752.0,6305.031717835456,25.220126871341826,13.0,3.230769230769231,52.0,516.298821029271,235.70117897072896
557,0.25,4099.528985765552,4.099528985765551,557.0,5.0,557.0,3.0,2.0,0.0,20.0,5047.896583686204,20.191586334744816,8.0,3.375,32.0,603.4763299102965,-583.4763299102965
558,0.25,4946.584927418382,4.946584927418382,558.0,136.0,558.0,63.0,40.0,33.0,544.0,5368.010155924095,21.47204062369638,9.0,3.2222222222222223,36.0,460.85180159973373,83.14819840026627
559,0.25,3964.6476268546558,3.9646476268546555,559.0,9.0,559.0,7.0,1.0,1.0,36.0,4189.891317810522,16.75956527124209,14.0,3.857142857142857,56.0,681.8458945953382,-645.8458945953382
561,0.25,4454.611837707466,4.454611837707466,561.0,58.0,561.0,16.0,14.0,28.0,232.0,6616.971681481533,26.46788672592613,27.0,3.4814814814814814,108.0,564.4201798459437,-332.4201798459437
562,0.25,4388.149897694449,4.388149897694449,562.0,133.0,562.0,34.0,45.0,54.0,532.0,5854.30341133294,23.417213645331763,26.0,3.230769230769231,104.0,543.6732461700411,-11.673246170041125
563,0.25,4886.81852989806,4.8868185298980595,563.0,170.0,563.0,55.0,59.0,56.0,680.0,3654.601397041583,14.61840558816633,2.0,3.0,8.0,442.58797373955986,237.41202626044014
565,0.25,3889.823094321459,3.889823094321459,565.0,258.0,565.0,91.0,82.0,85.0,1032.0,4871.346577000375,19.485386308001498,16.0,3.8125,64.0,687.3764498251528,344.6235501748472
566,0.25,3630.564981598967,3.6305649815989667,566.0,23.0,566.0,5.0,8.0,10.0,92.0,3141.417643095728,12.565670572382913,5.0,3.0,20.0,626.5652614745998,-534.5652614745998
567,0.25,2994.6884923286752,2.994688492328675,567.0,217.0,567.0,69.0,68.0,80.0,868.0,4579.639151930371,18.318556607721483,13.0,4.076923076923077,52.0,850.6152851866354,17.384714813364553
568,0.25,3477.5415145767884,3.4775415145767883,568.0,69.0,568.0,21.0,23.0,25.0,276.0,2782.2294138841526,11.12891765553661,7.0,3.2857142857142856,28.0,683.7110072578705,-407.7110072578705
569,0.25,2518.5359530025703,2.51853595300257,569.0,279.0,569.0,130.0,47.0,102.0,1116.0,6150.256259292594,24.601025037170377,23.0,3.608695652173913,92.0,863.4228893600125,252.5771106399875
570,0.25,2894.901045990711,2.8949010459907107,570.0,232.0,570.0,89.0,76.0,67.0,928.0,6926.672579930854,27.706690319723418,23.0,3.6956521739130435,92.0,818.8762345563412,109.12376544365884
571,0.25,2399.0240195877327,2.3990240195877326,571.0,281.0,571.0,73.0,84.0,124.0,1124.0,6045.525366745847,24.18210146698339,18.0,3.1666666666666665,72.0,827.1858368098325,296.8141631901675
572,0.25,3391.988780287656,3.391988780287656,572.0,269.0,572.0,108.0,82.0,79.0,1076.0,2132.7768832034576,8.53110753281383,2.0,3.0,8.0,661.5045478111936,414.49545218880644
573,0.25,2879.712653385825,2.879712653385825,573.0,186.0,573.0,55.0,62.0,69.0,744.0,4892.029479790026,19.568117919160105,11.0,3.4545454545454546,44.0,791.7881206588734,-47.78812065887337
574,0.25,2380.674094988896,2.380674094988896,574.0,371.0,574.0,168.0,74.0,129.0,1484.0,5455.50298870362,21.822011954814478,23.0,3.260869565217391,92.0,841.3258431907385,642.6741568092615
575,0.25,3379.0354815523406,3.3790354815523407,575.0,276.0,575.0,70.0,99.0,107.0,1104.0,5673.354531750392,22.693418127001568,10.0,3.2,40.0,687.7164580220299,416.2835419779701
596,0.25,4877.836430647029,4.877836430647029,596.0,180.0,596.0,67.0,36.0,77.0,720.0,1018.3877570812894,4.0735510283251575,1.0,3.0,4.0,443.9033947074122,276.0966052925878
598,0.25,3878.5327902583067,3.8785327902583067,598.0,193.0,598.0,57.0,55.0,81.0,772.0,5151.517219325887,20.606068877303546,22.0,3.727272727272727,88.0,678.6684379772651,93.33156202273494
599,0.25,4378.144861083073,4.378144861083073,599.0,232.0,599.0,67.0,57.0,108.0,928.0,5235.591420792593,20.942365683170372,21.0,3.238095238095238,84.0,546.0291315217526,381.97086847824744
600,0.25,4424.9796976506495,4.42497969765065,600.0,212.0,600.0,93.0,40.0,79.0,848.0,5512.833325686258,22.051333302745032,9.0,3.4444444444444446,36.0,564.2570209404574,283.74297905954256
601,0.25,4919.916782237243,4.919916782237243,601.0,368.0,601.0,91.0,83.0,194.0,1472.0,2867.2667759437145,11.469067103774858,4.0,3.5,16.0,498.52803815156034,973.4719618484396
603,0.25,3931.3241414441018,3.931324141444102,603.0,312.0,603.0,65.0,44.0,203.0,1248.0,5702.832329359914,22.811329317439657,15.0,3.3333333333333335,60.0,623.0441831912862,624.9558168087138
604,0.25,4526.8905691006885,4.526890569100688,604.0,11.0,604.0,3.0,6.0,2.0,44.0,3842.8200430333604,15.371280172133442,8.0,3.625,32.0,571.28321930216,-527.28321930216
616,0.25,3439.501953129548,3.439501953129548,616.0,417.0,616.0,119.0,104.0,194.0,1668.0,4433.016895165863,17.732067580663454,6.0,3.0,24.0,654.5462831495948,1013.4537168504052
617,0.25,2465.745738421445,2.465745738421445,617.0,452.0,617.0,194.0,108.0,150.0,1808.0,5138.879860445972,20.555519441783886,14.0,3.357142857142857,56.0,840.5715540619808,967.4284459380192
618,0.25,2950.4301154344844,2.9504301154344845,618.0,439.0,618.0,140.0,114.0,185.0,1756.0,5142.533961666796,20.570135846667185,12.0,3.25,48.0,756.5640851547287,999.4359148452713
619,0.25,3569.6591693849837,3.5696591693849835,619.0,72.0,619.0,8.0,7.0,57.0,288.0,5767.8312555132425,23.07132502205297,13.0,3.4615384615384617,52.0,691.5961986842578,-403.59619868425784
620,0.25,2644.2758832118543,2.6442758832118543,620.0,464.0,620.0,158.0,112.0,194.0,1856.0,5998.975215177894,23.995900860711576,13.0,3.4615384615384617,52.0,827.1178116070473,1028.8821883929527
621,0.25,3101.1821562196346,3.1011821562196347,621.0,81.0,621.0,18.0,24.0,39.0,324.0,4566.119404500388,18.26447761800155,11.0,3.1818181818181817,44.0,726.1974001194899,-402.1974001194899
622,0.25,2899.0494729355946,2.8990494729355945,622.0,91.0,622.0,30.0,18.0,43.0,364.0,3730.158676548946,14.920634706195784,9.0,3.0,36.0,733.6950995572251,-369.69509955722515
623,0.25,3762.2811545080745,3.7622811545080745,623.0,239.0,623.0,23.0,43.0,173.0,956.0,3079.4354579945084,12.317741831978033,1.0,3.0,4.0,607.2755374571295,348.72446254287047
624,0.25,3321.087723329117,3.321087723329117,624.0,99.0,624.0,6.0,19.0,74.0,396.0,1404.7003443228991,5.618801377291597,1.0,3.0,4.0,671.8879486576554,-275.88794865765544
625,0.25,3211.9745868422538,3.2119745868422536,625.0,11.0,625.0,5.0,1.0,5.0,44.0,6554.51768474726,26.21807073898904,31.0,3.3225806451612905,124.0,727.085074169789,-683.085074169789
627,0.25,4045.6893609239846,4.045689360923984,627.0,187.0,627.0,11.0,7.0,169.0,748.0,4129.427104790008,16.517708419160034,18.0,3.111111111111111,72.0,579.2789247894912,168.72107521050884
628,0.25,4680.281094614411,4.680281094614411,628.0,290.0,628.0,56.0,39.0,195.0,1160.0,6184.888463907293,24.739553855629172,15.0,3.533333333333333,60.0,537.6749704409916,622.3250295590084
631,0.25,4216.621313929653,4.216621313929653,631.0,241.0,631.0,18.0,21.0,202.0,964.0,3421.3824255826485,13.685529702330594,4.0,3.25,16.0,571.1314368103524,392.8685631896476
632,0.25,4880.299583488434,4.880299583488434,632.0,236.0,632.0,14.0,30.0,192.0,944.0,3600.44698203622,14.40178792814488,12.0,3.0,48.0,443.5426680215834,500.4573319784166
635,0.25,4437.588106739759,4.437588106739758,635.0,91.0,635.0,8.0,16.0,67.0,364.0,2903.3083287990735,11.613233315196293,3.0,3.3333333333333335,12.0,548.9022463671555,-184.9022463671555
756,0.25,3597.4875352167237,3.5974875352167235,756.0,23.0,756.0,2.0,10.0,11.0,92.0,3773.3356556615263,15.093342622646105,13.0,3.076923076923077,52.0,640.7613146053466,-548.7613146053466
757,0.25,4008.3727852532534,4.008372785253253,757.0,42.0,757.0,3.0,11.0,28.0,168.0,4668.28488591399,18.67313954365596,16.0,3.5625,64.0,639.6213081719571,-471.62130817195714
758,0.25,3567.7827353291545,3.5677827353291547,,0.0,,0.0,0.0,0.0,0.0,3428.4476776647316,13.713790710658927,7.0,3.0,28.0,635.7596692454453,-635.7596692454453
759,0.25,4298.760901184345,4.2987609011843455,759.0,103.0,759.0,19.0,50.0,34.0,412.0,4600.5145689427945,18.40205827577118,10.0,3.1,40.0,540.865979760373,-128.86597976037297
760,0.25,3918.444776442819,3.918444776442819,760.0,96.0,760.0,53.0,9.0,34.0,384.0,3163.3460338968466,12.653384135587386,6.0,3.0,24.0,584.4055048547666,-200.4055048547666
761,0.25,3954.9167559513944,3.9549167559513942,,0.0,,0.0,0.0,0.0,0.0,3584.5766056750795,14.338306422700319,13.0,3.230769230769231,52.0,607.1198796006365,-607.1198796006365
762,0.25,4625.109532275269,4.625109532275269,762.0,223.0,762.0,82.0,64.0,77.0,892.0,3864.90794426931,15.45963177707724,11.0,3.6363636363636362,44.0,558.2806628005533,333.7193371994467
763,0.25,4273.932892082459,4.273932892082459,763.0,221.0,763.0,36.0,42.0,143.0,884.0,3967.1081664111143,15.868432665644457,7.0,3.4285714285714284,28.0,584.4479452478461,299.55205475215394
764,0.25,4365.049764492659,4.365049764492659,,0.0,,0.0,0.0,0.0,0.0,2345.935299072797,9.383741196291188,4.0,3.25,16.0,549.3942136245796,-549.3942136245796
765,0.25,4980.354514041734,4.980354514041734,765.0,115.0,765.0,40.0,31.0,44.0,460.0,3513.23225026237,14.052929001049481,7.0,3.5714285714285716,28.0,498.36087913930317,-38.360879139303165
769,0.25,4701.540290699471,4.701540290699471,769.0,101.0,769.0,14.0,51.0,36.0,404.0,1845.585249507203,7.382340998028812,4.0,3.0,16.0,469.72181783515055,-65.72181783515055
806,0.25,4656.04931954298,4.65604931954298,806.0,133.0,806.0,54.0,29.0,50.0,532.0,3881.5303566047064,15.526121426418825,6.0,3.3333333333333335,24.0,516.9087833745439,15.091216625456127
809,0.25,4792.2804953894065,4.792280495389407,809.0,4.0,809.0,3.0,1.0,0.0,16.0,2423.8269262947756,9.695307705179102,3.0,3.3333333333333335,12.0,496.95784093054795,-480.95784093054795
1199,0.25,4852.23009229273,4.8522300922927295,1199.0,161.0,1199.0,40.0,51.0,70.0,644.0,3094.1837266720404,12.376734906688162,3.0,3.6666666666666665,12.0,528.7031229378617,115.29687706213826
1200,0.25,4916.225451306148,4.916225451306148,1200.0,155.0,1200.0,51.0,52.0,52.0,620.0,2169.951425614404,8.679805702457616,4.0,4.0,16.0,559.8559064476831,60.14409355231692
1203,0.25,4550.461669719007,4.550461669719007,1203.0,103.0,1203.0,34.0,25.0,44.0,412.0,2050.8178733094264,8.203271493237706,5.0,3.6,20.0,564.7918874154415,-152.79188741544147
1204,0.25,4425.106279860706,4.425106279860707,1204.0,150.0,1204.0,55.0,35.0,60.0,600.0,2863.1508389244354,11.452603355697741,6.0,3.8333333333333335,24.0,611.5174754866889,-11.517475486688909
1214,0.25,4632.049923140565,4.632049923140564,1214.0,276.0,1214.0,95.0,64.0,117.0,1104.0,2731.039001144778,10.924156004579112,11.0,3.3636363636363638,44.0,524.1075523555751,579.8924476444249
1218,0.25,4966.762467643628,4.966762467643628,1218.0,219.0,1218.0,74.0,45.0,100.0,876.0,3219.7927343755127,12.879170937502051,5.0,3.2,20.0,455.1951608998831,420.8048391001169
1219,0.25,4877.895573863042,4.877895573863042,1219.0,177.0,1219.0,84.0,55.0,38.0,708.0,3357.094237816463,13.428376951265852,11.0,3.6363636363636362,44.0,521.2603571691276,186.7396428308724
1220,0.25,4839.318242173363,4.839318242173363,1220.0,24.0,1220.0,6.0,12.0,6.0,96.0,2886.114810419039,11.544459241676154,3.0,3.0,12.0,449.5443513864576,-353.5443513864576
1221,0.25,4481.185368848932,4.481185368848932,1221.0,540.0,1221.0,195.0,147.0,198.0,2160.0,2659.8509335884028,10.63940373435361,7.0,3.5714285714285716,28.0,571.4637854578018,1588.5362145421982
1222,0.25,4382.483100880706,4.382483100880706,1222.0,186.0,1222.0,49.0,64.0,73.0,744.0,8148.767361435672,32.59506944574269,37.0,3.675675675675676,148.0,598.5924455292403,145.4075544707597
1223,0.25,4339.503882821653,4.339503882821653,1223.0,151.0,1223.0,51.0,25.0,75.0,604.0,5645.200121501517,22.58080048600607,20.0,3.6,80.0,595.686479922273,8.313520077727048
1224,0.25,3999.16431395086,3.99916431395086,1224.0,295.0,1224.0,92.0,110.0,93.0,1180.0,1224.2637852142489,4.897055140856995,0.0,0.0,0.0,207.86053999384808,972.1394600061519
1225,0.25,4725.657332805788,4.725657332805788,1225.0,258.0,1225.0,50.0,43.0,165.0,1032.0,3746.732053950879,14.986928215803516,4.0,3.25,16.0,496.58353504396683,535.4164649560332
1226,0.25,4353.89822670942,4.35389822670942,1226.0,596.0,1226.0,195.0,190.0,211.0,2384.0,5873.915499778131,23.49566199911252,15.0,3.2,60.0,544.9486194668514,1839.0513805331486
1227,0.25,3936.223886932116,3.936223886932116,1227.0,77.0,1227.0,30.0,19.0,28.0,308.0,4936.349705988809,19.745398823955234,14.0,3.5714285714285716,56.0,651.2729414190899,-343.2729414190899
1228,0.25,3855.9982713346417,3.855998271334642,1228.0,520.0,1228.0,192.0,138.0,190.0,2080.0,6067.873613984017,24.271494455936068,21.0,3.0952380952380953,84.0,605.1292723640222,1474.8707276359778
1229,0.25,4271.314800748528,4.271314800748528,1229.0,80.0,1229.0,19.0,18.0,43.0,320.0,5369.294326933172,21.47717730773269,19.0,3.736842105263158,76.0,622.3092319298814,-302.30923192988143
1230,0.25,4076.640075794551,4.076640075794551,1230.0,176.0,1230.0,74.0,49.0,53.0,704.0,6480.347796253738,25.92139118501495,18.0,3.3333333333333335,72.0,601.7627854171851,102.23721458281489
1231,0.25,3609.887423115369,3.609887423115369,1231.0,8.0,1231.0,3.0,4.0,1.0,32.0,6197.148126767955,24.78859250707182,25.0,3.2,100.0,653.9083831038429,-621.9083831038429
1232,0.25,3450.5291460944495,3.4505291460944494,1232.0,121.0,1232.0,49.0,30.0,42.0,484.0,4451.036879450987,17.804147517803948,13.0,3.3076923076923075,52.0,690.3389143384286,-206.3389143384286
1233,0.25,3358.722311910894,3.3587223119108938,1233.0,152.0,1233.0,39.0,59.0,54.0,608.0,3947.113344222837,15.788453376891347,18.0,3.3333333333333335,72.0,706.9012450815983,-98.90124508159829
1234,0.25,3828.3708058501534,3.8283708058501533,1234.0,229.0,1234.0,16.0,58.0,155.0,916.0,5988.794452728797,23.95517781091519,20.0,3.3,80.0,634.0691285332116,281.9308714667884
1236,0.25,4830.191577044049,4.830191577044049,1236.0,87.0,1236.0,26.0,33.0,28.0,348.0,3424.972362719169,13.699889450876675,5.0,3.4,20.0,499.51076466710145,-151.51076466710145
1237,0.25,4649.506183609219,4.649506183609219,1237.0,177.0,1237.0,36.0,69.0,72.0,708.0,2574.2208472998327,10.296883389199332,9.0,3.4444444444444446,36.0,531.3753037367401,176.62469626325992
1238,0.25,4167.5147738740925,4.1675147738740925,1238.0,220.0,1238.0,65.0,72.0,83.0,880.0,5733.924848976283,22.935699395905132,16.0,3.4375,64.0,601.1182772570118,278.88172274298825
1239,0.25,4949.0172693072245,4.949017269307225,1239.0,158.0,1239.0,43.0,53.0,62.0,632.0,3743.636573445153,14.97454629378061,10.0,3.7,40.0,518.5812063935288,113.41879360647124
1240,0.25,4386.689363396911,4.386689363396911,1240.0,170.0,1240.0,50.0,65.0,55.0,680.0,3098.906664936545,12.39562665974618,10.0,3.7,40.0,600.9336607107151,79.06633928928488
1241,0.25,4246.1983763612225,4.246198376361223,1241.0,89.0,1241.0,30.0,23.0,36.0,356.0,3299.242969437754,13.196971877751015,7.0,3.5714285714285716,28.0,605.8774351461449,-249.87743514614488
1242,0.25,3712.2058523809187,3.7122058523809187,1242.0,160.0,1242.0,48.0,45.0,67.0,640.0,5001.613666073551,20.006454664294203,21.0,3.142857142857143,84.0,631.9768169510828,8.02318304891719
1243,0.25,4572.205685650357,4.572205685650357,1243.0,298.0,1243.0,100.0,80.0,118.0,1192.0,3814.153774831684,15.256615099326737,9.0,3.3333333333333335,36.0,529.187613852913,662.812386147087
1244,0.25,3956.682508229832,3.956682508229832,1244.0,58.0,1244.0,22.0,9.0,27.0,232.0,2330.5777180688497,9.322310872275398,5.0,3.4,20.0,627.4354415844227,-395.43544158442273
1245,0.25,3839.7378620182544,3.8397378620182545,1245.0,125.0,1245.0,63.0,27.0,35.0,500.0,5322.106626405441,21.288426505621764,18.0,3.388888888888889,72.0,643.2110594432183,-143.21105944321835
1246,0.25,3888.245237828664,3.888245237828664,1246.0,60.0,1246.0,15.0,23.0,22.0,240.0,7768.44125936381,31.07376503745524,29.0,3.413793103448276,116.0,639.1349133089177,-399.1349133089177
1247,0.25,3340.041878331592,3.340041878331592,1247.0,117.0,1247.0,21.0,14.0,82.0,468.0,6288.012029876327,25.152048119505306,28.0,3.2142857142857144,112.0,695.1638181084,-227.16381810840005
1248,0.25,3522.159580423688,3.522159580423688,1248.0,130.0,1248.0,40.0,49.0,41.0,520.0,5005.620034063869,20.022480136255474,6.0,3.6666666666666665,24.0,723.4908436184028,-203.49084361840278
1249,0.25,3395.694911132271,3.395694911132271,1249.0,243.0,1249.0,72.0,50.0,121.0,972.0,6654.682721288819,26.618730885155276,29.0,3.103448275862069,116.0,673.5384658129569,298.46153418704307
1250,0.25,3052.523711613505,3.052523711613505,1250.0,181.0,1250.0,56.0,52.0,73.0,724.0,3769.388986541522,15.077555946166088,2.0,3.5,8.0,772.00620084708,-48.00620084707998
1251,0.25,2905.690422168528,2.905690422168528,1251.0,169.0,1251.0,7.0,8.0,154.0,676.0,6236.932774997499,24.947731099989998,22.0,3.3636363636363638,88.0,776.9314660268894,-100.93146602688944
1252,0.25,2840.4528950505673,2.8404528950505674,1252.0,84.0,1252.0,26.0,12.0,46.0,336.0,4006.8323733760612,16.027329493504244,8.0,3.25,32.0,772.6701576480297,-436.67015764802966
1253,0.25,2594.2617273426763,2.5942617273426762,1253.0,258.0,1253.0,119.0,45.0,94.0,1032.0,0.0,0.0,0.0,0.0,0.0,413.60735580668455,618.3926441933154
1254,0.25,2341.0394163690335,2.3410394163690333,1254.0,16.0,1254.0,4.0,7.0,5.0,64.0,3924.305592631048,15.697222370524193,3.0,3.3333333333333335,12.0,855.9400590611765,-791.9400590611765
1255,0.25,3865.552166431725,3.865552166431725,1255.0,10.0,1255.0,2.0,3.0,5.0,40.0,8357.130109264654,33.428520437058616,28.0,3.142857142857143,112.0,609.5193767460931,-569.5193767460931
1256,0.25,4221.061209208624,4.221061209208624,1256.0,263.0,1256.0,86.0,69.0,108.0,1052.0,4552.206336852247,18.208825347408986,13.0,3.1538461538461537,52.0,558.7913570783087,493.2086429216913
1257,0.25,3269.9793868529905,3.2699793868529907,1257.0,293.0,1257.0,56.0,49.0,188.0,1172.0,4183.57971795474,16.73431887181896,14.0,3.5,56.0,740.1599979947023,431.8400020052977
1258,0.25,3545.085241700717,3.5450852417007166,1258.0,195.0,1258.0,58.0,46.0,91.0,780.0,6497.453834145084,25.98981533658034,28.0,3.142857142857143,112.0,656.4514914458903,123.54850855410973
1259,0.25,3514.937616999385,3.514937616999385,1259.0,38.0,1259.0,8.0,12.0,18.0,152.0,4023.4279999444843,16.093711999777938,8.0,3.125,32.0,658.695611878449,-506.695611878449
1260,0.25,3902.518498595245,3.9025184985952452,1260.0,112.0,1260.0,31.0,39.0,42.0,448.0,3338.2229383431663,13.352891753372665,5.0,3.2,20.0,611.0528053849432,-163.0528053849432
1261,0.25,3159.1014974065884,3.1591014974065885,1261.0,144.0,1261.0,28.0,54.0,62.0,576.0,2827.1565566260083,11.308626226504034,7.0,3.4285714285714284,28.0,747.7140761591093,-171.71407615910925
1262,0.25,3204.2283550629836,3.2042283550629835,1262.0,6.0,1262.0,2.0,3.0,1.0,24.0,6616.225155123685,26.46490062049474,15.0,3.2,60.0,713.3168163667381,-689.3168163667381
1263,0.25,3625.1818619029864,3.6251818619029863,1263.0,265.0,1263.0,106.0,49.0,110.0,1060.0,5195.725697359929,20.782902789439714,15.0,3.066666666666667,60.0,635.4585850053882,424.54141499461184
1264,0.25,2809.3086642284193,2.809308664228419,1264.0,45.0,1264.0,19.0,17.0,9.0,180.0,5822.961277968933,23.291845111875734,17.0,3.9411764705882355,68.0,861.2606740552778,-681.2606740552778
1265,0.25,2862.395582116556,2.862395582116556,1265.0,291.0,1265.0,111.0,82.0,98.0,1164.0,3370.672522379583,13.482690089518332,7.0,3.2857142857142856,28.0,773.7986176518918,390.20138234810815
1266,0.25,2969.5865517003554,2.9695865517003552,1266.0,140.0,1266.0,29.0,28.0,83.0,560.0,4394.10330478655,17.5764132191462,14.0,3.0714285714285716,56.0,732.0488995789455,-172.04889957894545
1267,0.25,3401.281512471155,3.4012815124711553,1267.0,279.0,1267.0,46.0,58.0,175.0,1116.0,10456.206908494942,41.824827633979766,45.0,3.111111111111111,180.0,673.6519184531061,442.3480815468939
1268,0.25,3153.344273554481,3.153344273554481,1268.0,142.0,1268.0,45.0,45.0,52.0,568.0,7093.41991646534,28.37367966586136,26.0,3.3076923076923075,104.0,733.861391850882,-165.861391850882
1269,0.25,2496.1444645757033,2.4961444645757034,1269.0,305.0,1269.0,64.0,41.0,200.0,1220.0,3999.8036467288407,15.999214586915363,5.0,3.0,20.0,792.7002030678011,427.2997969321989
1270,0.25,2367.6151225468834,2.3676151225468836,1270.0,460.0,1270.0,155.0,184.0,121.0,1840.0,2143.9053209141084,8.575621283656433,2.0,3.5,8.0,872.3104943024246,967.6895056975754
1271,0.25,2996.833133003969,2.9968331330039693,1271.0,313.0,1271.0,64.0,103.0,146.0,1252.0,5230.176400183034,20.920705600732138,14.0,3.142857142857143,56.0,736.742556963366,515.257443036634
1272,0.25,2712.1712717951928,2.7121712717951927,1272.0,210.0,1272.0,49.0,67.0,94.0,840.0,5006.121092551133,20.024484370204533,10.0,3.3,40.0,797.5356223191104,42.464377680889584
1273,0.25,2295.2485502758677,2.295248550275868,1273.0,176.0,1273.0,26.0,61.0,89.0,704.0,4038.4410436515336,16.153764174606135,13.0,3.6153846153846154,52.0,896.9363515595799,-192.93635155957986
1274,0.25,2625.5098032692053,2.6255098032692055,1274.0,566.0,1274.0,197.0,151.0,218.0,2264.0,3852.343187492138,15.409372749968552,8.0,3.5,32.0,834.542032716921,1429.4579672830791
1275,0.25,2846.938371379995,2.846938371379995,1275.0,122.0,1275.0,33.0,22.0,67.0,488.0,2923.3287604826755,11.693315041930703,4.0,3.25,16.0,771.720365031425,-283.720365031425
1276,0.25,2419.778859622142,2.4197788596221423,1276.0,106.0,1276.0,27.0,33.0,46.0,424.0,2775.112715512699,11.100450862050797,2.0,3.5,8.0,864.6711583751958,-440.6711583751958
1277,0.25,2453.028942028221,2.453028942028221,1277.0,282.0,1277.0,83.0,66.0,133.0,1128.0,4482.73196165021,17.93092784660084,18.0,3.7222222222222223,72.0,886.8182785389428,241.18172146105724
1278,0.25,1841.9442035484633,1.8419442035484632,1278.0,240.0,1278.0,101.0,65.0,74.0,960.0,5318.466722150943,21.27386688860377,23.0,3.8260869565217392,92.0,988.938438981588,-28.93843898158798
1279,0.25,1941.036483290964,1.9410364832909641,1279.0,146.0,1279.0,43.0,57.0,46.0,584.0,7029.6468688512405,28.11858747540496,23.0,3.652173913043478,92.0,953.2830566653129,-369.28305666531287
1280,0.25,2154.6430817997034,2.1546430817997035,1280.0,275.0,1280.0,111.0,69.0,95.0,1100.0,4979.189436790979,19.916757747163917,12.0,3.3333333333333335,48.0,883.2376472942597,216.76235270574034
1281,0.25,1343.5219942293836,1.3435219942293837,1281.0,207.0,1281.0,75.0,51.0,81.0,828.0,4394.026645009843,17.576106580039372,19.0,3.263157894736842,76.0,993.4941087242273,-165.49410872422732
1282,0.25,1476.45370041152,1.47645370041152,1282.0,139.0,1282.0,47.0,39.0,53.0,556.0,4511.030777901662,18.04412311160665,10.0,3.4,40.0,990.6628884979386,-434.66288849793864
1283,0.25,2104.671919901154,2.104671919901154,1283.0,84.0,1283.0,20.0,21.0,43.0,336.0,7037.422230526623,28.149688922106492,25.0,3.4,100.0,898.6608525363879,-562.6608525363879
1284,0.25,1747.7928109303002,1.7477928109303003,1284.0,87.0,1284.0,29.0,26.0,32.0,348.0,2704.074500399334,10.816298001597335,1.0,4.0,4.0,1023.8702324862164,-675.8702324862164
1351,0.25,4927.466794649582,4.927466794649582,1351.0,151.0,1351.0,34.0,58.0,59.0,604.0,4929.627012409095,19.71850804963638,9.0,3.111111111111111,36.0,450.1433527049808,153.85664729501917
1353,0.25,4603.501049458611,4.603501049458611,1353.0,450.0,1353.0,162.0,115.0,173.0,1800.0,3462.0508802506556,13.848203521002622,6.0,3.6666666666666665,24.0,565.1292844746877,1234.8707155253123
1357,0.25,4313.295122334995,4.313295122334995,1357.0,136.0,1357.0,56.0,37.0,43.0,544.0,3826.669756557637,15.306679026230547,12.0,3.5,48.0,587.3672759163021,-43.367275916302106
1359,0.25,4741.242346984556,4.741242346984556,1359.0,262.0,1359.0,89.0,59.0,114.0,1048.0,3414.5152439521703,13.65806097580868,7.0,3.5714285714285716,28.0,533.3786572137924,514.6213427862076
1361,0.25,4976.598845930092,4.976598845930091,1361.0,176.0,1361.0,66.0,54.0,56.0,704.0,5405.034020803743,21.620136083214973,12.0,3.5,48.0,490.22699704759344,213.77300295240656
1362,0.25,4515.713885182712,4.515713885182712,1362.0,138.0,1362.0,50.0,46.0,42.0,552.0,7009.011935044772,28.03604774017909,29.0,3.5517241379310347,116.0,564.0115552738316,-12.011555273831618
1363,0.25,4064.087562092034,4.064087562092034,1363.0,137.0,1363.0,55.0,31.0,51.0,548.0,5475.629987584964,21.902519950339855,12.0,3.25,48.0,593.4698779547618,-45.46987795476184
1395,0.25,4814.439632325349,4.814439632325349,1395.0,121.0,1395.0,26.0,38.0,57.0,484.0,3901.5379720050473,15.60615188802019,6.0,3.3333333333333335,24.0,493.7126537487535,-9.712653748753496
1396,0.25,4336.353859272126,4.336353859272126,1396.0,12.0,1396.0,11.0,1.0,0.0,48.0,3761.991797451322,15.047967189805288,6.0,3.3333333333333335,24.0,563.7279177455248,-515.7279177455248
1397,0.25,3863.8194331960563,3.8638194331960563,1397.0,107.0,1397.0,25.0,51.0,31.0,428.0,5647.711665499906,22.590846661999624,18.0,3.388888888888889,72.0,639.6843333649606,-211.6843333649606
1399,0.25,4209.068506548281,4.209068506548281,1399.0,40.0,1399.0,11.0,17.0,12.0,160.0,5195.625527980073,20.78250211192029,18.0,3.388888888888889,72.0,589.1228936027576,-429.1228936027576
1400,0.25,3720.402332051711,3.720402332051711,1400.0,49.0,1400.0,15.0,17.0,17.0,196.0,7506.678284428808,30.026713137715234,16.0,3.4375,64.0,666.5975226453704,-470.5975226453704
1402,0.25,4700.119346707842,4.700119346707842,1402.0,45.0,1402.0,13.0,18.0,14.0,180.0,4656.828292281944,18.627313169127778,13.0,3.3076923076923075,52.0,507.33746833224234,-327.33746833224234
1403,0.25,3640.5612771011183,3.6405612771011184,1403.0,42.0,1403.0,2.0,18.0,22.0,168.0,7317.780301190255,29.27112120476102,15.0,3.2666666666666666,60.0,657.5211928156812,-489.52119281568116
1404,0.25,4138.6653153896,4.1386653153896,1404.0,22.0,1404.0,5.0,8.0,9.0,88.0,4768.429977485731,19.073719909942923,8.0,3.125,32.0,567.351208998617,-479.35120899861704
1425,0.25,4637.177457601732,4.637177457601732,1425.0,225.0,1425.0,79.0,64.0,82.0,900.0,7659.925373833986,30.63970149533594,25.0,3.08,100.0,488.8736653849122,411.1263346150878
1427,0.25,3628.495461251184,3.6284954612511844,1427.0,52.0,1427.0,21.0,9.0,22.0,208.0,7806.945762646222,31.227783050584886,22.0,3.3636363636363638,88.0,671.0772689727241,-463.07726897272414
1428,0.25,4128.05565524512,4.12805565524512,1428.0,55.0,1428.0,19.0,13.0,23.0,220.0,5891.6233959162855,23.566493583665142,13.0,3.3076923076923075,52.0,591.1157203495244,-371.1157203495244
1429,0.25,4627.710845902322,4.627710845902322,1429.0,78.0,1429.0,33.0,15.0,30.0,312.0,4389.270969712553,17.55708387885021,11.0,3.090909090909091,44.0,491.58631063693184,-179.58631063693184
1431,0.25,3684.8707185344724,3.6848707185344725,1431.0,168.0,1431.0,48.0,42.0,78.0,672.0,5395.595696125842,21.582382784503366,15.0,3.6666666666666665,60.0,699.661932715477,-27.66193271547695
1433,0.25,4672.044581687369,4.672044581687369,1433.0,196.0,1433.0,61.0,62.0,73.0,784.0,4646.669505290032,18.58667802116013,12.0,3.0833333333333335,48.0,484.17265255643713,299.82734744356287
1434,0.25,4177.695105293532,4.177695105293532,1434.0,91.0,1434.0,29.0,18.0,44.0,364.0,3245.498693728828,12.981994774915313,6.0,3.6666666666666665,24.0,627.4882109947487,-263.48821099474867
1455,0.25,3806.647489892527,3.8066474898925273,1455.0,44.0,1455.0,17.0,14.0,13.0,176.0,2998.3008323129707,11.993203329251882,8.0,3.0,32.0,600.778124524982,-424.778124524982
1457,0.25,4768.678378048432,4.768678378048432,1457.0,24.0,1457.0,8.0,6.0,10.0,96.0,3603.5718491754656,14.414287396701862,12.0,3.25,48.0,490.28313873465135,-394.28313873465135
1458,0.25,4285.490554509,4.285490554509,1458.0,15.0,1458.0,4.0,4.0,7.0,60.0,3040.931265965027,12.163725063860108,11.0,3.5454545454545454,44.0,596.9653477539609,-536.9653477539609
1459,0.25,3987.8387645813104,3.9878387645813103,1459.0,34.0,1459.0,3.0,15.0,16.0,136.0,3375.9065027401107,13.503626010960442,4.0,3.0,16.0,574.2428129840666,-438.24281298406663
1460,0.25,4447.215105296591,4.447215105296591,1460.0,104.0,1460.0,32.0,39.0,33.0,416.0,6325.581197980622,25.302324791922487,14.0,3.4285714285714284,56.0,559.0709091845252,-143.07090918452525
1462,0.25,4914.528092630963,4.914528092630963,1462.0,22.0,1462.0,8.0,6.0,8.0,88.0,1972.0845993171883,7.888338397268753,2.0,3.5,8.0,499.31720726439727,-411.31720726439727
1463,0.25,4220.799795333784,4.220799795333783,1463.0,138.0,1463.0,49.0,33.0,56.0,552.0,1018.4126260513203,4.073650504205282,0.0,0.0,0.0,175.40220800673546,376.59779199326454
1476,0.25,4657.254029229078,4.657254029229078,1476.0,210.0,1476.0,74.0,51.0,85.0,840.0,2862.5844420279645,11.450337768111858,1.0,3.0,4.0,476.2075040091553,363.7924959908447
1477,0.25,4497.493058614102,4.4974930586141015,1477.0,106.0,1477.0,34.0,37.0,35.0,424.0,1060.7991026807388,4.243196410722955,2.0,3.0,8.0,499.60436533500524,-75.60436533500524
1480,0.25,4909.4101471320155,4.909410147132015,1480.0,208.0,1480.0,53.0,64.0,91.0,832.0,2073.0070659885946,8.292028263954379,6.0,4.0,24.0,560.8540020779353,271.1459979220647
1484,0.25,4810.378021764437,4.810378021764437,1484.0,184.0,1484.0,48.0,61.0,75.0,736.0,4072.7090711112046,16.29083628444482,6.0,3.6666666666666665,24.0,534.8323238721125,201.1676761278875
1485,0.25,1875.6050406482204,1.8756050406482205,1485.0,589.0,1485.0,196.0,196.0,197.0,2356.0,4896.657604484566,19.586630417938263,18.0,3.9444444444444446,72.0,998.3980959312319,1357.6019040687681
1486,0.25,2035.443462251959,2.0354434622519593,1486.0,336.0,1486.0,94.0,74.0,168.0,1344.0,4721.447619965043,18.88579047986017,8.0,3.75,32.0,951.3503957696395,392.6496042303605
1487,0.25,1918.4521905785896,1.9184521905785896,1487.0,33.0,1487.0,6.0,14.0,13.0,132.0,3645.0672361763627,14.58026894470545,5.0,3.6,20.0,950.2474874579594,-818.2474874579594
1488,0.25,2303.3876415087016,2.3033876415087016,1488.0,124.0,1488.0,45.0,35.0,44.0,496.0,3852.1961426489693,15.408784570595877,4.0,3.75,16.0,912.1101934786363,-416.11019347863635
1489,0.25,1389.3117607280697,1.3893117607280696,1489.0,478.0,1489.0,136.0,141.0,201.0,1912.0,5484.810005402061,21.939240021608242,12.0,3.75,48.0,1045.975846282349,866.024153717651
1490,0.25,1598.5377655897153,1.5985377655897153,1490.0,513.0,1490.0,140.0,192.0,181.0,2052.0,3492.892960570685,13.971571842282739,6.0,3.3333333333333335,24.0,964.6788085231169,1087.321191476883
1491,0.25,2053.7496261831275,2.0537496261831274,1491.0,225.0,1491.0,95.0,55.0,75.0,900.0,5441.7253515988,21.766901406395203,14.0,3.2857142857142856,56.0,892.2241456131635,7.7758543868364995
1492,0.25,1610.2023809223815,1.6102023809223815,1492.0,152.0,1492.0,60.0,34.0,58.0,608.0,6428.369110050671,25.713476440202683,21.0,3.619047619047619,84.0,997.706121562494,-389.706121562494
1493,0.25,917.867130084549,0.917867130084549,1493.0,357.0,1493.0,132.0,57.0,168.0,1428.0,4018.8743842095582,16.075497536838235,12.0,3.25,48.0,1054.2312445443447,373.7687554556553
1494,0.25,1211.451975114522,1.2114519751145219,1494.0,303.0,1494.0,70.0,43.0,190.0,1212.0,5330.204202815713,21.32081681126285,7.0,3.7142857142857144,28.0,1067.6813157357492,144.3186842642508
1495,0.25,3399.152310777309,3.399152310777309,1495.0,218.0,1495.0,48.0,25.0,145.0,872.0,4925.322706702039,19.701290826808155,9.0,3.0,36.0,660.4554547265386,211.54454527346138
1496,0.25,2510.877948228703,2.5108779482287034,1496.0,162.0,1496.0,34.0,40.0,88.0,648.0,6907.998808409431,27.631995233637724,22.0,3.3636363636363638,88.0,834.751424599549,-186.75142459954895
1497,0.25,2946.0774347226434,2.9460774347226435,1497.0,171.0,1497.0,71.0,47.0,53.0,684.0,7663.718496026337,30.654873984105347,24.0,3.0,96.0,726.8078936512177,-42.80789365121768
1498,0.25,2755.297652046738,2.755297652046738,1498.0,121.0,1498.0,33.0,32.0,56.0,484.0,5839.678399755127,23.35871359902051,19.0,3.1052631578947367,76.0,767.5447554678943,-283.54475546789433
1499,0.25,3235.201590605296,3.235201590605296,1499.0,64.0,1499.0,24.0,17.0,23.0,256.0,1340.1590206514911,5.360636082605964,0.0,0.0,0.0,319.74224569099175,-63.74224569099175
1500,0.25,2284.0317359646074,2.284031735964607,1500.0,244.0,1500.0,44.0,56.0,144.0,976.0,6127.134628427257,24.508538513709027,17.0,3.4705882352941178,68.0,880.9754896638422,95.02451033615785
1501,0.25,2151.532911876045,2.151532911876045,1501.0,263.0,1501.0,99.0,84.0,80.0,1052.0,4992.578595596218,19.970314382384874,13.0,3.1538461538461537,52.0,861.872055675877,190.12794432412295
1502,0.25,2646.499206757218,2.646499206757218,1502.0,403.0,1502.0,121.0,124.0,158.0,1612.0,4740.201998732584,18.960807994930335,8.0,3.25,32.0,801.0745140510273,810.9254859489727
1503,0.25,3143.059374534206,3.1430593745342064,1503.0,177.0,1503.0,66.0,45.0,66.0,708.0,5227.692662431983,20.910770649727933,9.0,3.2222222222222223,36.0,724.9766194199267,-16.976619419926692
1504,0.25,2131.052972330376,2.131052972330376,1504.0,269.0,1504.0,102.0,68.0,99.0,1076.0,6012.47156340306,24.04988625361224,24.0,3.5,96.0,906.9548245306089,169.0451754693911
1505,0.25,846.9617753891947,0.8469617753891947,1505.0,318.0,1505.0,151.0,47.0,120.0,1272.0,5120.067231518067,20.48026892607227,25.0,3.08,100.0,1043.9476009677455,228.05239903225447
1506,0.25,1045.0877616024345,1.0450877616024346,1506.0,221.0,1506.0,127.0,29.0,65.0,884.0,6734.802601947381,26.939210407789524,18.0,3.5555555555555554,72.0,1072.7476685734564,-188.7476685734564
1507,0.25,1828.096493736785,1.8280964937367852,1507.0,79.0,1507.0,20.0,8.0,51.0,316.0,5083.74983996464,20.33499935985856,19.0,3.0526315789473686,76.0,896.9339336274651,-580.9339336274651
1508,0.25,1402.523657530224,1.402523657530224,1508.0,204.0,1508.0,80.0,43.0,81.0,816.0,6766.049413051704,27.064197652206815,15.0,3.6,60.0,1025.8047921946281,-209.80479219462813
1509,0.25,710.2825701391693,0.7102825701391693,1509.0,252.0,1509.0,80.0,64.0,108.0,1008.0,5065.33344949337,20.261333797973478,17.0,3.5294117647058822,68.0,1118.6011908582434,-110.6011908582434
1510,0.25,1659.5872048208387,1.6595872048208387,1510.0,213.0,1510.0,84.0,60.0,69.0,852.0,4946.9866004198,19.7879464016792,9.0,3.2222222222222223,36.0,942.2298853580073,-90.22988535800732
1511,0.25,360.0515920847089,0.3600515920847089,1511.0,452.0,1511.0,132.0,132.0,188.0,1808.0,4900.230825482893,19.600923301931573,13.0,3.3076923076923075,52.0,1142.9367827882807,665.0632172117193
1512,0.25,1174.4639244882212,1.1744639244882211,1512.0,370.0,1512.0,158.0,93.0,119.0,1480.0,6284.945881421598,25.13978352568639,18.0,3.7777777777777777,72.0,1080.8172041674313,399.1827958325687
1513,0.25,645.5960265025033,0.6455960265025033,1513.0,302.0,1513.0,176.0,33.0,93.0,1208.0,3177.984575856537,12.711938303426148,12.0,3.9166666666666665,48.0,1175.1548225723486,32.84517742765138
1514,0.25,204.76828112539934,0.20476828112539935,1514.0,414.0,1514.0,196.0,25.0,193.0,1656.0,4388.045879051201,17.552183516204806,22.0,3.1818181818181817,88.0,1150.3748041311724,505.62519586882763
1515,0.25,1415.9959772260734,1.4159959772260733,1515.0,350.0,1515.0,158.0,90.0,102.0,1400.0,7374.7397863648175,29.49895914545927,26.0,3.3076923076923075,104.0,988.294605466366,411.70539453363403
1516,0.25,1905.3032375555479,1.9053032375555479,1516.0,413.0,1516.0,169.0,120.0,124.0,1652.0,6249.583740191152,24.99833496076461,14.0,3.2142857142857144,56.0,905.2800992492755,746.7199007507245
1517,0.25,504.7504021612695,0.5047504021612695,1517.0,506.0,1517.0,200.0,94.0,212.0,2024.0,2312.4992061342346,9.249996824536938,6.0,3.0,24.0,1084.338207920181,939.661792079819
1518,0.25,938.0345345461398,0.9380345345461397,1518.0,552.0,1518.0,188.0,167.0,197.0,2208.0,4921.820337289648,19.687281349158592,13.0,3.3846153846153846,52.0,1067.6435499910465,1140.3564500089535
1519,0.25,1384.6795685330017,1.3846795685330016,1519.0,269.0,1519.0,45.0,30.0,194.0,1076.0,5092.116091921429,20.368464367685714,23.0,3.739130434782609,92.0,1045.3327644575893,30.667235542410708
1520,0.25,890.0571262528659,0.8900571262528659,1520.0,377.0,1520.0,115.0,87.0,175.0,1508.0,6553.281827907411,26.213127311629645,33.0,3.696969696969697,132.0,1112.6441371071378,395.3558628928622
1521,0.25,408.73691841364206,0.40873691841364207,1521.0,353.0,1521.0,123.0,92.0,138.0,1412.0,4319.2577304518745,17.277030921807498,8.0,3.125,32.0,1113.5961217796826,298.40387822031744
1522,0.25,1882.1459366988443,1.8821459366988442,1522.0,272.0,1522.0,101.0,48.0,123.0,1088.0,6363.106776840459,25.452427107361835,23.0,3.4782608695652173,92.0,940.764127923328,147.23587207667197
1523,0.25,1988.659404479381,1.988659404479381,1523.0,469.0,1523.0,175.0,111.0,183.0,1876.0,4391.71989034687,17.56687956138748,9.0,3.3333333333333335,36.0,907.5458188437267,968.4541811562733
1524,0.25,1097.4946869966284,1.0974946869966284,1524.0,226.0,1524.0,61.0,41.0,124.0,904.0,5234.857292998814,20.939429171995258,18.0,3.2777777777777777,72.0,1031.3020090579157,-127.30200905791571
1525,0.25,1632.9490470915991,1.632949047091599,1525.0,84.0,1525.0,29.0,26.0,29.0,336.0,4501.167651665968,18.004670606663872,10.0,3.2,40.0,943.4293647023553,-607.4293647023553
1526,0.25,1136.511508923949,1.1365115089239488,1526.0,359.0,1526.0,198.0,47.0,114.0,1436.0,5149.227630930551,20.596910523722205,10.0,3.8,40.0,1089.076960583158,346.9230394168419
1527,0.25,1754.655376531152,1.754655376531152,1527.0,67.0,1527.0,26.0,19.0,22.0,268.0,2836.8817281434804,11.34752691257392,5.0,3.0,20.0,901.2906635590507,-633.2906635590507
1528,0.25,1305.3548597637764,1.3053548597637763,1528.0,208.0,1528.0,108.0,35.0,65.0,832.0,5238.8765027258305,20.95550601090332,10.0,3.1,40.0,979.2478058940269,-147.2478058940269
1529,0.25,910.5422172684459,0.910542217268446,1529.0,283.0,1529.0,91.0,25.0,167.0,1132.0,5203.65083894729,20.81460335578916,7.0,3.142857142857143,28.0,1042.2781270900828,89.72187290991724
1530,0.25,673.9606434706462,0.6739606434706462,1530.0,301.0,1530.0,183.0,34.0,84.0,1204.0,6951.23021072129,27.80492084288516,31.0,3.6451612903225805,124.0,1137.992703531353,66.00729646864693
1531,0.25,1319.6135909501897,1.3196135909501898,1531.0,251.0,1531.0,79.0,51.0,121.0,1004.0,3715.3853800185766,14.861541520074306,5.0,3.6,20.0,1037.9469025162102,-33.94690251621023
1532,0.25,1617.4808221123442,1.6174808221123442,1532.0,170.0,1532.0,56.0,48.0,66.0,680.0,5806.4520293679125,23.22580811747165,22.0,3.4545454545454546,88.0,976.6409229653385,-296.6409229653385
1533,0.25,1168.9806880097226,1.1689806880097227,1533.0,300.0,1533.0,103.0,79.0,118.0,1200.0,4436.544939012783,17.746179756051134,16.0,3.6875,64.0,1070.6447392112163,129.35526078878365
1534,0.25,1997.7758608968113,1.9977758608968113,1534.0,51.0,1534.0,18.0,10.0,23.0,204.0,5412.074650815072,21.64829860326029,13.0,3.3076923076923075,52.0,903.093425177985,-699.093425177985
1535,0.25,3129.0757631990427,3.129075763199043,1535.0,100.0,1535.0,23.0,44.0,33.0,400.0,1461.1831287629875,5.84473251505195,0.0,0.0,0.0,335.28428488465215,64.71571511534785
1536,0.25,2629.8766038274307,2.6298766038274306,1536.0,154.0,1536.0,47.0,54.0,53.0,616.0,3574.3536846566876,14.29741473862675,6.0,3.0,24.0,773.1152424554712,-157.11524245547116
1537,0.25,3194.2773880538284,3.194277388053828,1537.0,182.0,1537.0,58.0,52.0,72.0,728.0,2834.112743792193,11.336450975168773,3.0,3.0,12.0,690.4592168322263,37.540783167773725
1538,0.25,2707.1283403915704,2.7071283403915705,1538.0,72.0,1538.0,17.0,21.0,34.0,288.0,3487.400052715061,13.949600210860245,3.0,3.3333333333333335,12.0,802.3266404939636,-514.3266404939636
1539,0.25,2225.686337036387,2.2256863370363873,1539.0,217.0,1539.0,71.0,82.0,64.0,868.0,3996.5108780161286,15.986043512064514,10.0,3.2,40.0,856.6234813748147,11.376518625185327
1540,0.25,2421.976996352931,2.421976996352931,1540.0,316.0,1540.0,78.0,83.0,155.0,1264.0,4421.462060499986,17.685848241999945,23.0,3.0,92.0,803.5619671283089,460.4380328716911
1541,0.25,3334.021735355711,3.334021735355711,1541.0,28.0,1541.0,13.0,4.0,11.0,112.0,2335.54784001392,9.34219136005568,8.0,3.0,32.0,669.9937733493293,-557.9937733493293
1542,0.25,2870.685763253013,2.870685763253013,1542.0,115.0,1542.0,13.0,44.0,58.0,460.0,2026.9944359572357,8.107977743828943,6.0,3.0,24.0,737.84894125946,-277.84894125946005
1543,0.25,3106.9486077719166,3.1069486077719164,1543.0,43.0,1543.0,6.0,24.0,13.0,172.0,1959.8422995030057,7.839369198012023,2.0,3.0,8.0,703.2484441018556,-531.2484441018556
1544,0.25,3539.4906175630163,3.539490617563016,1544.0,29.0,1544.0,9.0,8.0,12.0,116.0,2110.8828595329323,8.44353143813173,1.0,3.0,4.0,639.9030263710366,-523.9030263710366
1545,0.25,761.1562050371771,0.7611562050371771,1545.0,209.0,1545.0,103.0,47.0,59.0,836.0,7120.8355618064725,28.483342247225888,29.0,3.2758620689655173,116.0,1080.3255986782362,-244.32559867823625
1546,0.25,1526.3126833991314,1.5263126833991314,1546.0,23.0,1546.0,8.0,6.0,9.0,92.0,5323.994870865621,21.295979483462485,22.0,3.6818181818181817,88.0,1017.6230010626311,-925.6230010626311
1547,0.25,1221.3319239497976,1.2213319239497975,1547.0,276.0,1547.0,98.0,45.0,133.0,1104.0,5038.1320094629,20.1525280378516,10.0,3.2,40.0,1003.7103501797385,100.2896498202615
1548,0.25,2206.141230070415,2.2061412300704153,1548.0,366.0,1548.0,93.0,87.0,186.0,1464.0,6415.531682410935,25.66212672964374,15.0,3.6666666666666665,60.0,916.2206369275259,547.7793630724741
1549,0.25,1454.91837845913,1.45491837845913,1549.0,197.0,1549.0,72.0,27.0,98.0,788.0,4386.653588978835,17.546614355915338,13.0,3.6153846153846154,52.0,1020.0020065956088,-232.0020065956088
1550,0.25,1800.5341728213252,1.8005341728213253,1550.0,184.0,1550.0,47.0,40.0,97.0,736.0,5553.856507505372,22.215426030021487,28.0,3.5,112.0,955.3590279348084,-219.3590279348084
1551,0.25,1704.096408203254,1.704096408203254,1551.0,50.0,1551.0,11.0,14.0,25.0,200.0,1777.8840472369002,7.111536188947601,0.0,0.0,0.0,543.9713267366009,-343.9713267366009
1552,0.25,2505.8635292068325,2.5058635292068323,1552.0,163.0,1552.0,84.0,23.0,56.0,652.0,7017.857480303706,28.071429921214825,17.0,3.411764705882353,68.0,841.3369637387157,-189.33696373871567
1553,0.25,1878.5846768166882,1.8785846768166883,1553.0,37.0,1553.0,11.0,7.0,19.0,148.0,5512.60861177823,22.05043444711292,17.0,3.3529411764705883,68.0,926.049985940082,-778.049985940082
1554,0.25,2157.3632534855346,2.1573632534855345,1554.0,88.0,1554.0,23.0,28.0,37.0,352.0,5566.115041807529,22.26446016723012,24.0,3.5833333333333335,96.0,913.2329183874083,-561.2329183874083
1555,0.25,2324.5217336850847,2.3245217336850845,1555.0,51.0,1555.0,15.0,16.0,20.0,204.0,2828.7773755773715,11.315109502309486,2.0,4.0,8.0,939.408761224752,-735.408761224752
1556,0.25,1666.9759293199172,1.6669759293199171,1556.0,10.0,1556.0,0.0,2.0,8.0,40.0,5400.216879416614,21.600867517666455,19.0,3.3684210526315788,76.0,958.9218700932522,-918.9218700932522
1557,0.25,2007.1215981832147,2.0071215981832147,1557.0,63.0,1557.0,15.0,26.0,22.0,252.0,5073.631022362501,20.294524089450007,14.0,3.2142857142857144,56.0,890.368884984234,-638.368884984234
1558,0.25,1775.8583641193832,1.7758583641193832,1558.0,61.0,1558.0,14.0,19.0,28.0,244.0,3954.672737039418,15.818690948157672,6.0,3.0,24.0,898.1855036543133,-654.1855036543133
1559,0.25,2250.770052538706,2.250770052538706,1559.0,266.0,1559.0,54.0,48.0,164.0,1064.0,3556.661067076965,14.22664426830786,9.0,3.2222222222222223,36.0,855.6516488022803,208.3483511977197
1560,0.25,2704.7539981237906,2.7047539981237905,1560.0,122.0,1560.0,45.0,26.0,51.0,488.0,3761.7055663012193,15.046822265204877,14.0,3.142857142857143,56.0,779.5173034403077,-291.5173034403077
1561,0.25,2165.8951149407762,2.1658951149407764,1561.0,158.0,1561.0,60.0,35.0,63.0,632.0,5799.13158743837,23.19652634975348,15.0,3.6,60.0,914.0096769021054,-282.0096769021054
1562,0.25,2437.3817940334784,2.4373817940334783,1562.0,145.0,1562.0,54.0,38.0,53.0,580.0,4462.138384675268,17.848553538701072,11.0,3.4545454545454546,44.0,856.5671072697667,-276.56710726976667
1563,0.25,2734.6405119132946,2.7346405119132946,1563.0,105.0,1563.0,44.0,26.0,35.0,420.0,2018.0710762367016,8.072284304946807,4.0,3.5,16.0,818.559931164152,-398.559931164152
1564,0.25,2665.2194185313588,2.665219418531359,1564.0,72.0,1564.0,20.0,25.0,27.0,288.0,3689.216519633139,14.756866078532555,7.0,3.2857142857142856,28.0,802.6749028823066,-514.6749028823066
1565,0.25,2697.8260638623615,2.6978260638623617,1565.0,19.0,1565.0,2.0,7.0,10.0,76.0,4249.570694229975,16.9982827769199,16.0,3.0,64.0,763.1641005245981,-687.1641005245981
1566,0.25,3031.5933716195186,3.0315933716195187,1566.0,202.0,1566.0,76.0,57.0,69.0,808.0,6757.809496263177,27.031237985052705,27.0,3.1481481481481484,108.0,732.2952005141454,75.70479948585455
1567,0.25,3800.0377276823106,3.8000377276823105,1567.0,104.0,1567.0,26.0,36.0,42.0,416.0,1118.7266448255289,4.474906579302115,0.0,0.0,0.0,237.02246300471393,178.97753699528607
1568,0.25,3400.79734052592,3.4007973405259198,1568.0,172.0,1568.0,63.0,52.0,57.0,688.0,1766.3778660301145,7.065511464120458,1.0,3.0,4.0,660.2145414874855,27.785458512514538
1569,0.25,4105.189353952051,4.105189353952051,1569.0,47.0,1569.0,9.0,15.0,23.0,188.0,3461.9922971567953,13.84796918862718,5.0,3.2,20.0,581.3718271127063,-393.37182711270634
1570,0.25,3738.678302732195,3.738678302732195,1570.0,112.0,1570.0,41.0,34.0,37.0,448.0,2827.3410750617836,11.309364300247134,4.0,3.0,16.0,610.7321554769695,-162.73215547696952
1571,0.25,3406.2958284388214,3.4062958284388216,1571.0,426.0,1571.0,115.0,141.0,170.0,1704.0,4420.340513755865,17.68136205502346,11.0,3.272727272727273,44.0,692.5659884767258,1011.4340115232742
1572,0.25,4445.77018432055,4.4457701843205495,1572.0,101.0,1572.0,29.0,37.0,35.0,404.0,3466.504357016943,13.86601742806777,5.0,3.8,20.0,604.4387787945834,-200.4387787945834
1573,0.25,3809.874561036365,3.8098745610363647,1573.0,82.0,1573.0,14.0,38.0,30.0,328.0,4275.800124933067,17.10320049973227,12.0,3.4166666666666665,48.0,650.9615859306379,-322.96158593063785
1574,0.25,4109.745533644729,4.1097455336447295,1574.0,303.0,1574.0,127.0,70.0,106.0,1212.0,5048.931837196831,20.195727348787326,16.0,3.75,64.0,647.5705819297357,564.4294180702643
1575,0.25,2194.5927796389806,2.1945927796389806,1575.0,197.0,1575.0,56.0,49.0,92.0,788.0,5109.572493249723,20.43828997299889,12.0,3.1666666666666665,48.0,857.1246219420262,-69.12462194202624
1576,0.25,2862.1049818274028,2.862104981827403,1576.0,17.0,1576.0,7.0,5.0,5.0,68.0,3178.3963526769476,12.71358541070779,6.0,3.0,24.0,739.1055895654238,-671.1055895654238
1577,0.25,2332.67513553919,2.3326751355391897,1577.0,201.0,1577.0,72.0,59.0,70.0,804.0,4143.518682555547,16.574074730222186,9.0,3.2222222222222223,36.0,843.6567174904089,-39.65671749040894
1578,0.25,2562.520069673993,2.562520069673993,,0.0,,0.0,0.0,0.0,0.0,2369.7403618653257,9.478961447461304,0.0,0.0,0.0,418.25589518315456,-418.25589518315456
1579,0.25,2688.592637131156,2.688592637131156,1579.0,333.0,1579.0,120.0,83.0,130.0,1332.0,3974.7565904877697,15.899026361951078,5.0,3.4,20.0,813.1461489530806,518.8538510469194
1580,0.25,2802.4393281487996,2.8024393281488,1580.0,130.0,1580.0,44.0,46.0,40.0,520.0,2815.27987172757,11.26111948691028,7.0,3.5714285714285716,28.0,817.3147474567684,-297.3147474567684
1581,0.25,3256.3688100388067,3.256368810038807,1581.0,1.0,1581.0,0.0,1.0,0.0,4.0,2255.337867780125,9.0213514711205,3.0,3.0,12.0,681.3659797035631,-677.3659797035631
1582,0.25,2996.4649184454543,2.9964649184454544,1582.0,1.0,1582.0,0.0,1.0,0.0,4.0,0.0,0.0,0.0,0.0,0.0,354.7050328499419,-350.7050328499419
1583,0.25,3184.4659314284054,3.1844659314284054,1583.0,270.0,1583.0,81.0,69.0,120.0,1080.0,5078.058648274217,20.312234593096868,10.0,3.1,40.0,704.0535516880806,375.9464483119194
1584,0.25,3676.4426728817452,3.676442672881745,,0.0,,0.0,0.0,0.0,0.0,0.0,0.0,0.0,0.0,0.0,255.12285602685404,-255.12285602685404
2230,0.25,2890.176968609046,2.890176968609046,2230.0,181.0,2230.0,34.0,73.0,74.0,724.0,3484.9704325959856,13.939881730383942,5.0,3.4,20.0,783.624291199606,-59.62429119960598
2231,0.25,3118.9721208050173,3.1189721208050174,2231.0,232.0,2231.0,60.0,44.0,128.0,928.0,5413.4806458283365,21.653922583313346,6.0,3.5,24.0,762.2748865642948,165.72511343570523
2232,0.25,3356.3992327895817,3.3563992327895815,2232.0,100.0,2232.0,27.0,35.0,38.0,400.0,3397.414713425239,13.589658853700955,11.0,3.5454545454545454,44.0,733.0299993997496,-333.0299993997496
2233,0.25,3164.75709161208,3.16475709161208,2233.0,170.0,2233.0,79.0,47.0,44.0,680.0,4805.479802897115,19.22191921158846,14.0,3.5,56.0,755.569715653919,-75.56971565391905
2234,0.25,3555.317143427751,3.555317143427751,2234.0,139.0,2234.0,11.0,38.0,90.0,556.0,2678.4358606748333,10.713743442699332,3.0,4.0,12.0,759.1597967161306,-203.1597967161306
2235,0.25,3223.4378587758943,3.223437858775894,2235.0,172.0,2235.0,55.0,52.0,65.0,688.0,3113.5069721162727,12.45402788846509,7.0,3.857142857142857,28.0,790.3954489098167,-102.39544890981665
2236,0.25,3831.14978953614,3.83114978953614,2236.0,199.0,2236.0,66.0,50.0,83.0,796.0,4675.3754896826895,18.70150195873076,12.0,3.5,48.0,657.9770590628191,138.02294093718092
2237,0.25,3715.2179652588406,3.715217965258841,2237.0,200.0,2237.0,72.0,61.0,67.0,800.0,3192.674967792411,12.770699871169644,6.0,4.0,24.0,735.7424542959492,64.25754570405081
2238,0.25,3664.4208749680033,3.664420874968003,2238.0,304.0,2238.0,85.0,101.0,118.0,1216.0,3177.9751695288273,12.71190067811531,10.0,3.6,40.0,694.5518251776857,521.4481748223143
2239,0.25,4006.5662218842185,4.006566221884219,2239.0,118.0,2239.0,24.0,35.0,59.0,472.0,2730.160958907743,10.920643835630973,5.0,3.6,20.0,644.4449235716868,-172.4449235716868
2240,0.25,3281.1520976552447,3.281152097655245,2240.0,190.0,2240.0,77.0,48.0,65.0,760.0,2966.628131643042,11.866512526572167,5.0,3.2,20.0,702.0513982163066,57.94860178369345
2241,0.25,3448.3466918897007,3.4483466918897006,2241.0,3.0,2241.0,2.0,0.0,1.0,12.0,0.0,0.0,0.0,0.0,0.0,288.52732281064743,-276.52732281064743
2242,0.25,3681.4557132227596,3.6814557132227597,2242.0,606.0,2242.0,192.0,207.0,207.0,2424.0,3965.3866740281323,15.86154669611253,9.0,3.111111111111111,36.0,632.6206396818714,1791.3793603181286
2243,0.25,3765.401968972201,3.765401968972201,2243.0,354.0,2243.0,149.0,100.0,105.0,1416.0,3991.060387197694,15.964241548790776,7.0,3.4285714285714284,28.0,658.921876159241,757.078123840759
2244,0.25,4114.4287121030775,4.114428712103077,2244.0,1.0,2244.0,0.0,1.0,0.0,4.0,0.0,0.0,0.0,0.0,0.0,190.98016471198832,-186.98016471198832
2245,0.25,3911.9544741035725,3.9119544741035726,2245.0,23.0,2245.0,9.0,8.0,6.0,92.0,132.76042798624104,0.5310417119449642,0.0,0.0,0.0,220.63234853571043,-128.63234853571043
2246,0.25,4383.569402604603,4.3835694026046035,2246.0,21.0,2246.0,9.0,8.0,4.0,84.0,0.0,0.0,0.0,0.0,0.0,151.56473434393195,-67.56473434393195
2247,0.25,4179.163680500301,4.1791636805003005,2247.0,520.0,2247.0,174.0,188.0,158.0,2080.0,3187.6377876824354,12.750551150729741,4.0,3.5,16.0,607.0107140599387,1472.9892859400613
2248,0.25,4253.298118864001,4.253298118864,2248.0,87.0,2248.0,27.0,28.0,32.0,348.0,2651.1781838611464,10.604712735444586,4.0,3.5,16.0,596.1537871948319,-248.15378719483192
2249,0.25,4565.174315069525,4.565174315069525,2249.0,1.0,2249.0,1.0,0.0,0.0,4.0,0.0,0.0,0.0,0.0,0.0,124.96884589458773,-120.96884589458773
2250,0.25,4234.080428006104,4.234080428006104,2250.0,76.0,2250.0,20.0,30.0,26.0,304.0,2979.8792819257424,11.919517127702969,12.0,3.5,48.0,598.9682020439309,-294.9682020439309
2251,0.25,4505.807502690846,4.505807502690846,2251.0,145.0,2251.0,55.0,48.0,42.0,580.0,3076.396609700098,12.305586438800391,7.0,3.857142857142857,28.0,602.593480684011,-22.593480684010956
2252,0.25,4814.266863374515,4.814266863374515,2252.0,160.0,2252.0,53.0,56.0,51.0,640.0,2752.0306783264728,11.008122713305891,4.0,3.5,16.0,514.0003809346783,125.99961906532167
2254,0.25,4920.832668491933,4.920832668491933,2254.0,3.0,2254.0,2.0,1.0,0.0,12.0,4755.782168835802,19.023128675343205,10.0,3.2,40.0,461.9215418009241,-449.9215418009241
2255,0.25,4673.2996876742955,4.673299687674295,2255.0,8.0,2255.0,2.0,4.0,2.0,32.0,4344.6411522099315,17.378564608839728,13.0,3.6153846153846154,52.0,548.6727395314557,-516.6727395314557
2260,0.25,4311.612414150317,4.311612414150317,2260.0,105.0,2260.0,41.0,29.0,35.0,420.0,3052.9517423043335,12.211806969217333,7.0,3.5714285714285716,28.0,596.297603695297,-176.29760369529697
2261,0.25,4164.165372423818,4.164165372423818,2261.0,138.0,2261.0,30.0,56.0,52.0,552.0,4191.568239705709,16.766272958822835,10.0,3.6,40.0,621.3646589986004,-69.36465899860036
2262,0.25,4468.206104281214,4.468206104281214,2262.0,100.0,2262.0,40.0,31.0,29.0,400.0,3726.1493422262793,14.904597368905117,6.0,3.3333333333333335,24.0,544.418266082139,-144.41826608213898
2263,0.25,4208.935427085376,4.208935427085376,2263.0,25.0,2263.0,4.0,5.0,16.0,100.0,4004.4817168704226,16.01792686748169,11.0,3.6363636363636362,44.0,619.2290145103345,-519.2290145103345
2264,0.25,4796.070736535007,4.7960707365350075,2264.0,122.0,2264.0,44.0,43.0,35.0,488.0,4573.557464856928,18.294229859427713,26.0,3.3846153846153846,104.0,502.63735567101475,-14.637355671014745
2265,0.25,4663.964638468639,4.66396463846864,2265.0,103.0,2265.0,30.0,34.0,39.0,412.0,4494.3942072936,17.9775768291744,11.0,3.5454545454545454,44.0,541.5381328106281,-129.5381328106281
2266,0.25,4703.98026455965,4.70398026455965,2266.0,27.0,2266.0,11.0,5.0,11.0,108.0,4090.0664639857678,16.36026585594307,12.0,3.6666666666666665,48.0,550.4141869586936,-442.41418695869356
2267,0.25,4937.323028760445,4.937323028760445,2267.0,68.0,2267.0,14.0,27.0,27.0,272.0,3057.5076140406895,12.230030456162758,5.0,3.6,20.0,508.13636300932046,-236.13636300932046
2270,0.25,4677.36057712094,4.6773605771209406,2270.0,107.0,2270.0,36.0,41.0,30.0,428.0,3479.323990839798,13.917295963359193,4.0,4.0,16.0,594.8374686866646,-166.83746868666458
2271,0.25,4860.861405907763,4.860861405907762,2271.0,19.0,2271.0,8.0,4.0,7.0,76.0,927.1464992472784,3.7085859969891133,1.0,3.0,4.0,446.38937296792653,-370.38937296792653
2272,0.25,4743.715609933248,4.743715609933248,2272.0,115.0,2272.0,52.0,29.0,34.0,460.0,3023.4876853917303,12.093950741566921,8.0,3.375,32.0,509.13573435931966,-49.135734359319656
